{
  "case_count": 1,
  "top_k": 3,
  "recall_at_k": 1.0,
  "mean_reciprocal_rank": 1.0,
  "mean_latency_ms": 1290.3531250194646,
  "p95_latency_ms": 1290.3531250194646,
  "reranker_enabled": true
}
