{
  "case_count": 1,
  "top_k": 3,
  "recall_at_k": 1.0,
  "mean_reciprocal_rank": 1.0,
  "mean_latency_ms": 160.64129199367017,
  "p95_latency_ms": 160.64129199367017
}
