{
  "case_count": 20,
  "top_k": 3,
  "recall_at_k": 1.0,
  "mean_reciprocal_rank": 0.8583333333333334,
  "mean_latency_ms": 914.9377167486819,
  "p95_latency_ms": 880.6577500072308,
  "reranker_enabled": true
}
