{
  "case_count": 20,
  "top_k": 3,
  "recall_at_k": 0.95,
  "mean_reciprocal_rank": 0.8666666666666666,
  "mean_latency_ms": 19.017787391203456,
  "p95_latency_ms": 17.959333024919033,
  "reranker_enabled": false
}
