{
  "case_count": 72,
  "top_k": 3,
  "recall_at_k": 0.8472222222222222,
  "mean_reciprocal_rank": 0.7430555555555556,
  "mean_latency_ms": 65.16383743055343,
  "p95_latency_ms": 79.58933300000126,
  "reranker_enabled": false
}
